STRING ID,DESCRIPTION,en,fr
LANGUAGE_CODE,IETF language tag(s) without dash,enUS enGB,frFR
LANGUAGE_EN,[LanguageName] in english,English,French
LANGUAGE_DIRECTION,ltr or rtl (text direction used by game code),ltr,ltr
,,,
Polyglot,100,,
CONTEXT_CHARACTER_CLASS,[Noun] Character class,Class,Classe
CONTEXT_CHARACTER_DELETE,[Verb],Delete Character,Supprimer personnage
CONTEXT_CHARACTER_NEW,Typically used in rpgs/mmorpgs,New Character,Nouveau personnage
CONTEXT_CLASS_AI,[Noun],Artificial Intelligence,Intelligence Artificielle
CONTEXT_CLASS_ALIEN,[Noun],Alien,Extraterrestre
CONTEXT_CLASS_CLONE,[Noun],Clone,Clone
CONTEXT_CLASS_CYBORG,[Noun],Cyborg,Cyborg
CONTEXT_CLASS_DEITY,[Noun],Deity,Divinité
CONTEXT_CLASS_DEMON,[Noun],Demon,Démon
CONTEXT_CLASS_DEMONNESS,[Noun],Demoness,Démone 
CONTEXT_CLASS_DRAGON,[Noun],Dragon,Dragon
CONTEXT_CLASS_DRAGON_PLURAL,[Noun/Plural],Dragons,Dragons
CONTEXT_CLASS_GHOST,[Noun],Ghost,Fantôme
CONTEXT_CLASS_GOD,[Noun],God,Dieu
CONTEXT_CLASS_GOD_PLURAL,[Noun/Plural],Gods,Dieux
CONTEXT_CLASS_GODDESS,[Noun],Goddess,Déesse
CONTEXT_CLASS_MAGE,[Noun],Mage,Mage
CONTEXT_CLASS_MEDIC,[Noun] A person involved in medicine,Medic,Medic
CONTEXT_CLASS_MONSTER,[Noun],Monster,Monstre
CONTEXT_CLASS_NINJA,[Noun],Ninja,Ninja
CONTEXT_CLASS_PIRATE,[Noun],Pirate,Pirate
CONTEXT_CLASS_PRIEST,[Noun],Priest,Prêtre
CONTEXT_CLASS_PRINCE,[Noun],Prince,Prince
CONTEXT_CLASS_PRINCESS,[Noun],Princess,Princesse
CONTEXT_CLASS_ROBOT,[Noun],Robot,Robot
CONTEXT_CLASS_SKELETON,[Noun],Skeleton,Squelette
CONTEXT_CLASS_SNIPER,[Noun],Sniper,Sniper
CONTEXT_CLASS_SOLDIER,[Noun],Soldier,Soldat
CONTEXT_CLASS_THIEF,[Noun],Thief,Voleur
CONTEXT_CLASS_WARRIOR,[Noun],Warrior,Guerrier
CONTEXT_CLASS_WIZARD,[Noun],Wizard,Magicier
CONTEXT_CLASS_ZOMBIE,[Noun],Zombie,Zombie
CONTEXT_CLASS_ZOMBIE_PLURAL,[Noun/Plural],Zombies,Zombies
CONTEXT_COMPETITION_FIRST,[Noun],First place,Première place
CONTEXT_COMPETITION_PLACE_NOUN,[Noun] What place someone came in competition,Place,Place
CONTEXT_COMPETITION_SECOND,[Noun],Second place,Deuxième place
CONTEXT_COMPETITION_THIRD,[Noun],Third place,Troisième place
CONTEXT_CONDITION_BURNING,[Adjective],Burning,En feu
CONTEXT_CONDITION_CRITICAL,[Adjective],Critical,Critique
CONTEXT_CONDITION_DEAD,[Adjective] [Default male],Dead,Mort
CONTEXT_CONDITION_FROZEN,[Adjective] [Default male],Frozen,Gelé
CONTEXT_CONDITION_POISONED,[Adjective] [Default male],Poisoned,Empoisonné
CONTEXT_CONDITION_SLOWED,[Adjective] [Default male],Slowed,Ralenti
CONTEXT_CONDITION_STUNNED,[Adjective] [Default male],Stunned,Étourdi
CONTEXT_CONDITION_UNCONSCIOUS,[Adjective],Unconscious,Inconscient
CONTEXT_CONDITION_UNHURT,[Adjective] [Default male] No wounds,Unhurt,Indemne
CONTEXT_CONDITION_WET,[Adjective] [Default male],Wet,Trempé
CONTEXT_CONDITION_WOUNDED,[Adjective] [Default male],Wounded,Blessé
CONTEXT_DESCRIPTION_BIG,[Adjective],Big,Gros
CONTEXT_DESCRIPTION_HUGE,[Adjective] Very large,Huge,Énorme
CONTEXT_DESCRIPTION_SMALL,[Adjective],Small,Petit
CONTEXT_DESCRIPTION_TINY,[Adjective] Very small,Tiny,Minuscule
CONTEXT_ELEMENT_AIR,[Noun],Air,Air
CONTEXT_ELEMENT_EARTH,[Noun],Earth,Terre
CONTEXT_ELEMENT_FIRE,[Noun],Fire,Feu
CONTEXT_ELEMENT_METAL,[Noun],Metal,Métal
CONTEXT_ELEMENT_WATER,[Noun] Magical elements,Water,Eau
CONTEXT_GAMBLING_BET,[Infinitive verb],Bet,Miser
CONTEXT_GAMBLING_DISCARD,[Infinitive verb],Discard,Défausser
CONTEXT_GAMBLING_JACKPOT,[Noun] Biggest possible prize,Jackpot,Jackpot
CONTEXT_GAMBLING_MAX,[Noun] Abbreviation for maximum of range,Max,Max
CONTEXT_GAMBLING_MIN,[Noun] Abbreviation for minimum of range,Min,Min
CONTEXT_ITEM_ARMOR,[Noun] Body armor,Armor,Armure
CONTEXT_ITEM_ARROW,[Noun] Ammo for archers,Arrow,Flèche
CONTEXT_ITEM_ARROW_PLURAL,[Noun/Plural] Ammo for archers,Arrows,Flèches
CONTEXT_ITEM_BOARD,[Noun] Boardgame board,Board,Plateau de jeu
CONTEXT_ITEM_BOMB,[Noun],Bomb,Bombe
CONTEXT_ITEM_BOOK,[Noun],Book,Livre
CONTEXT_ITEM_BOOTS,[Noun/Plural] Boots,Boots,Bottes
CONTEXT_ITEM_BOW,[Noun] Used by archers,Bow,Arc
CONTEXT_ITEM_CARD,[Noun],Card,Carte
CONTEXT_ITEM_CARD_PLURAL,[Noun/Plural],Cards,Cartes
CONTEXT_ITEM_CHEST,[Noun] Treasure not body part,Chest,Coffre
CONTEXT_ITEM_COND_MAGICAL,[Adjective] [Default male] usage : [item] : [type],Magic,Magique
CONTEXT_ITEM_COND_RUSTY,[Adjective] [Default male] usage : [item] : [type],Rusty,Rouillé
CONTEXT_ITEM_DAGGER,[Noun] Small blade used by rogues,Dagger,Dague
CONTEXT_ITEM_DIE_NOUN,"[Noun] [Noun] As in ""throw the die""",Die,Dé
CONTEXT_ITEM_DIE_PLURAL,"[Noun/Plural] As in ""throw two dice""",Dice,Dés
CONTEXT_ITEM_DOOR,[Noun],Door,Porte
CONTEXT_ITEM_GAUNTLETS,[Noun/Plural] Heavy protective warrior's gloves,Gauntlets,Gantelets
CONTEXT_ITEM_GEM,[Noun] Gem or jewel,Gem,Gemme
CONTEXT_ITEM_GIFT_NOUN,[Noun],Gift,Cadeau
CONTEXT_ITEM_GIFT_PLURAL,[Noun/Plural],Gifts,Cadeaux
CONTEXT_ITEM_GLOVE,[Noun/Plural] Regular gloves,Gloves,Gants
CONTEXT_ITEM_GUN,[Noun] Generic name for any firearm,Gun,Arme
CONTEXT_ITEM_HAMMER,[Noun] Tool,Hammer,Marteau
CONTEXT_ITEM_HELMET,[Noun] Head protector specifically for warriors not athletes,Helmet,Heaume
CONTEXT_ITEM_KEY,[Noun],Key,Clé
CONTEXT_ITEM_KNIFE,[Noun] Tool for whittling and carving not just combat,Knife,Couteau
CONTEXT_ITEM_LOCK,[Noun],Lock,Verrou
CONTEXT_ITEM_LOVE,[Noun],Love,Amour
CONTEXT_ITEM_MACHINE_ITEM_GUN,"[Noun] Generic - Not ""uzi"" or ""ak-47"" etc",Machine Gun,Mitraillette
CONTEXT_ITEM_MAGIC,[Noun],Magic,Magie
CONTEXT_ITEM_PISTOL,[Noun],Pistol,Pistolet
CONTEXT_ITEM_QUEST_NOUN,[Noun] The pursuit of something,Quest,Quête
CONTEXT_ITEM_RANK_NOUN,[Noun] Military Rank,Rank,Rang
CONTEXT_ITEM_RIFLE,[Noun] Generic name for long-barelled gun,Rifle,Fusil
CONTEXT_ITEM_ROCKET_ITEM_LAUNCHER,[Noun],Rocket Launcher,Lance-roquette
CONTEXT_ITEM_RPG,"[Noun] A more modern/realistic name for ""Rocket launcher"". Might be the same as ""rocket launcher"" in some languages",RPG,LRAC
CONTEXT_ITEM_SCROLL,[Noun] Readable/magic scroll,Scroll,Parchemin
CONTEXT_ITEM_SHIELD,[Noun] Medieval shield,Shield,Bouclier
CONTEXT_ITEM_SHIELD_PLURAL,[Noun/Plural],Shields,Boucliers
CONTEXT_ITEM_SHIELD_SCIFI,[Noun] Sci-fi energy shield [spaceship],Energy shield,Bouclier
CONTEXT_ITEM_SHIELD_SCIFI_PLURAL,[Noun/Plural] Sci-fi energy shield [spaceship],Energy shields,Boucliers
CONTEXT_ITEM_SHOTGUN,[Noun],Shotgun,Fusil à pompe
CONTEXT_ITEM_SNIPER_ITEM_RIFLE,[Noun] Rifle with a scope,Sniper rifle,Fusil de sniper
CONTEXT_ITEM_SPELL,[Noun],Spell,Sort
CONTEXT_ITEM_STAFF,[Noun] Large magical walking stick,Staff,Bâton
CONTEXT_ITEM_SWORD,[Noun] Classic medieval sword,Sword,Épée
CONTEXT_ITEM_TREASURE,[Noun],Treasure,Trésor
CONTEXT_ITEM_TYPE_EPIC,[Adjective] [Default male] usage : [item] : [type],Epic,Épique
CONTEXT_ITEM_TYPE_JUNK,[Adjective] [Default male] usage : [item] : [type],Junk,Bazar
CONTEXT_ITEM_WAND,[Noun] Magic wand like Harry Potter,Wand,Baguette
CONTEXT_ITEM_WOOD,[Noun],Wood,Bois
CONTEXT_MACHINE_ALTITUDE,[Noun],Altitude,Altitude
CONTEXT_MACHINE_BRAKES,[Noun/Plural],Brakes,Freins
CONTEXT_MACHINE_CHASSIS,[Noun],Chassis,Chassis
CONTEXT_MACHINE_DEPTH,[Noun] For example how deep a submarine is,Depth,Profondeur
CONTEXT_MACHINE_FUEL,[Noun],Fuel,Carburant
CONTEXT_MACHINE_GEAR,[Noun] Transmission gear,Gear,Transmission
CONTEXT_MACHINE_HANDLING,[Noun] Vehicle cornering swerving performance,Handling,Tenue de route
CONTEXT_MACHINE_SPEED,[Noun],Speed,Vitesse
CONTEXT_MACHINE_STEERING,[Noun] Steering wheel responsiveness,Steering,Volant
CONTEXT_MACHINE_SUSPENSION,[Noun],Suspension,Suspension
CONTEXT_MACHINE_WHEELS,[Noun/Plural] Generic for any machine car plane etc,Wheels,Roues
CONTEXT_MACHINE_WINGS,[Noun],Wings,Ailes
CONTEXT_MEDAL,[Noun],Medal,Médaille
CONTEXT_MEDAL_BRONZE,[Noun],Bronze medal,Médaille de bronze
CONTEXT_MEDAL_GOLD,[Noun],Gold medal,Médaille d'or
CONTEXT_MEDAL_SILVER,[Noun],Silver medal,Médaille d'argent
CONTEXT_METAL_BRONZE,[Noun],Bronze,Bronze
CONTEXT_METAL_COIN,[Noun],Coin,Pièce
CONTEXT_METAL_GOLD,[Noun],Gold,Or
CONTEXT_METAL_INGOT,[Noun] Cast shape of solid metal in bank vaults,Ingot,Lingot
CONTEXT_METAL_PLATINUM,[Noun],Platinum,Platine
CONTEXT_METAL_SILVER,[Noun],Silver,Argent
CONTEXT_PLACE_CASTLE,[Noun],Castle,Château
CONTEXT_PLACE_CAVE,[Noun],Cave,Caverne
CONTEXT_PLACE_DUNGEON,[Noun] Underground prison,Dungeon,Donjon
CONTEXT_PLACE_INN,[Noun] Hosted stay building for travellers,Inn,Auberge
CONTEXT_PLACE_PLANET,[Noun],Planet,Planète
CONTEXT_PLACE_PLANET_EARTH,[Noun],Earth,Planète Terre
CONTEXT_PLACE_SPACE,[Noun] Interstellar space not volumetric space,Space,Espace
CONTEXT_PLACE_SPACESHIP,[Noun],Spaceship,Vaisseau spatial
CONTEXT_STORY,[Noun],Story,Histoire
CONTEXT_STORY_ADVENTURE,[Noun],Adventure,Aventure
CONTEXT_STORY_CHAPTER,[Noun],Chapter,Chapitre
CONTEXT_STORY_PAGE,[Noun],Page,Page
CREDITS_GAME,,Game,Jeu
CREDITS_GAME_DEVELOPMENT,,Game development,Développement de jeu
CREDITS_GAME_DEVELOPER,[Default male],Game developer,Développeur de jeu
CREDITS_DEVELOPED_BY,,Developed by,Développé par
CREDITS_PRODUCTION,,Production,Production
CREDITS_PRODUCER,[Default male],Producer,Producteur
CREDITS_PUBLISHER,[Default male],Publisher,Éditeur
CREDITS_DIRECTOR,[Default male],Director,Directeur
CREDITS_LEAD,,Lead,Chef
CREDITS_ASSISTANT,,Assistant,Assistant
CREDITS_ASSOCIATE,,Associate,Associé
CREDITS_SENIOR,,Senior,Senior
CREDITS_JUNIOR,,Junior,Junior
CREDITS_CHIEF_TECH_OFFICER,,Chief Technical Officer,Directeur de la technologie
CREDITS_TECHNICAL_DIRECTOR,[Default male],Technical Director,Directeur Technique
CREDITS_CREATIVE_DIRECTOR,[Default male],Creative Director,Directeur Créatif
CREDITS_ANIMATION_DIRECTOR,[Default male],Animation Director,Directeur d'Animation
CREDITS_ART_DIRECTOR,[Default male],Art Director,Directeur Artistique
CREDITS_AUDIO_DIRECTOR,[Default male],Audio Director,Directeur Sonore
CREDITS_DESIGN DIRECTOR,[Default male],Design Director,Directeur Conception
CREDITS_PROGRAM_MANAGER,[Default male],Program Manager,Gestionnaire de programme
CREDITS_PROJECT_MANAGER,[Default male],Project Manager,Gestionnaire de projet
CREDITS_GAME_DESIGN,,Game design,Conception de jeu
CREDITS_GAME_DESIGNER,[Default male],Game designer,Concepteur de jeu
CREDITS_CODE,Programming code,Code,Code
CREDITS_PROGRAMMING,,Programming,Programmation
CREDITS_PROGRAMMER,[Default male],Programmer,Programmeur
CREDITS_PROGRAMMER_PLURAL,[Default male],Programmers,Programmeurs
CREDITS_LEAD_PROGRAMMER,[Default male],Lead programmer,Chef programmeur
CREDITS_GRAPHIC_DESIGNER,[Default male],Graphic designer,Concepteur graphique
CREDITS_TECHNICAL_ARTIST,[Default male],Technical artist,Artiste technique
CREDITS_CONCEPT_ARTIST,[Default male],Concept artist,Artiste conceptuel
CREDITS_CHARACTER_DESIGNER,[Default male],Character Designer,Créateur de personnage
CREDITS_ART,,Art,Art
CREDITS_ARTIST,[Singular],Artist,Artiste
CREDITS_ARTIST_PLURAL,[Plural],Artists,Artistes
CREDITS_LEVEL_DESIGN,,Level design,Conception de niveaux
CREDITS_LEVEL_DESIGNER,[Singular],Level designer,Concepteur de niveaux
CREDITS_CINEMATICS_DIRECTOR,[Default male],Cinematics Director,Directeur des cinématiques
CREDITS_CINEMATIC_ANIMATOR,[Default male],Cinematic Animator,Animateur de cinématiques
CREDITS_INTERFACE_ARTIST,[Default male],Interface Artist,Artiste d'interfaces
CREDITS_COMPOSER,[Default male],Composer,Compositeur
CREDITS_MUSICIAN,[Default male],Musician,Musicien
CREDITS_SPECIAL_THANKS,,Special thanks,Remerciements
CREDITS_SPECIAL_THANKS_TO,,Special thanks to,Remerciements à
CREDITS_IMAGE,,Image,Image
CREDITS_IMAGE_PLURAL,,Images,Images
CREDITS_FONT,,Font,Police
CREDITS_FONT_PLURAL,,Fonts,Polices
CREDITS_SOUNDTRACK,,Soundtrack,Bande sonore
CREDITS_WRITER,[Default male],Writer,Écrivain
CREDITS_MANUSCRIPT,,Manuscript,Manuscrit
CREDITS_SCRIPT_WRITER,[Default male],Script writer,Scénariste
CREDITS_ANIMATION,,Animation,Animation
CREDITS_ANIMATOR,,Animator,Animateur
CREDITS_VOICE_ACTING,,Voice acting,Doublage
CREDITS_VOICE_ACTOR,[Default male],Voice actor,Doubleur
CREDITS_SOUND_DESIGNER,[Default male],Sound designer,Concepteur sonore
CREDITS_SOUND_ENGINEER,[Default male],Sound engineer,Ingénieur du son
CREDITS_SFX,,SOUND EFFECTS,EFFETS SONORES
CREDITS_VFX,,Visual Effects,Effets visuels
CREDITS_RECORDIST,[Default male] Someone who records sound,Recordist,Opérateur du son
CREDITS_FOLEY_ARTIST,[Default male] Special sound FX,Foley artist,Bruiteur
CREDITS_TEST_MANAGER,[Default male],Test Manager,Responsable de tests
CREDITS_TEST_LEAD,[Default male],Test Lead,Chef testeur
CREDITS_TESTER,[Default male],Tester,Testeur
CREDITS_DATABASE_ADMIN,[Default male],Database Admin,Administrateur de base de données
CREDITS_3D_MODELING,,3D Modeling,Modélisation 3D
CREDITS_MODELS,,Models,Modèles
CREDITS_LOCALIZATION,,Localization,Localisation
CREDITS_TRANSLATION,,Translation,Traduction
CREDITS_POLYGLOT,,Translated by the Polyglot Project.,Traduit par le Polyglot Projet.
GAME_GENRE_ACTION,,Action game,Jeu d'action
GAME_GENRE_ADVENTURE,,Adventure game,Jeu d'aventure
GAME_GENRE_CARD,,Card,Carte
GAME_GENRE_CASUAL,,Casual game,Jeu casual
GAME_GENRE_FANTASY,,Fantasy game,Jeu fantastique
GAME_GENRE_HARDCORE,,Hardcore game,Jeu hardcore
GAME_GENRE_INDIE,,Indie,Indépendant
GAME_GENRE_MEDIEVAL,,Medieval game,Jeu médiéval
GAME_GENRE_MISC,,Misc.,Divers
GAME_GENRE_MULTIPLAYER,,Multiplayer,Multijoueur
GAME_GENRE_NAME,,Genre,Genre
GAME_GENRE_PLATFORMER,,Platformer game,Jeu de plateformes
GAME_GENRE_PUZZLE,,Puzzle game,Jeu d'énigmes
GAME_GENRE_QUIZ,,Quiz game,Jeu de quizz
GAME_GENRE_RACING,,Racing,Course automobile
GAME_GENRE_RETRO,,Retro game,Jeu rétro
GAME_GENRE_RPG,,Roleplaying game,Jeu de rôles
GAME_GENRE_RTS,,Real-time strategy,Stratégie en temps réel
GAME_GENRE_SCIFI,,Science fiction game,Jeu de Science-Fiction
GAME_GENRE_SHOOTER,,Shooter game,Jeu de tir
GAME_GENRE_SIMULATION,,Simulation game,Jeu de simulation
GAME_GENRE_SINGLEPLAYER,,Singleplayer,Un joueur
GAME_GENRE_SPORTS,,Sports game,Jeu de sports
GAME_GENRE_STRATEGY,,Strategy game,Jeu de stratégie
GAME_GENRE_TBS,,Turn-based strategy,Stratégie au tour par tour
GAME_GENRE_TOWER_DEFENSE,,Tower defence game,Tower Defense
ERROR_DEVICE_NOT_FOUND,Use {0} in place of [device],No {0} detected.,Aucun {0} détecté.
ERROR_DEVICE_VR_LEAVING_TRACKAREA,,Leaving tracking area.,Vous quittez la zone de détection.
ERROR_DEVICE_VR_NO_HMD,"Using abbrev. ""HMD"" (Head Mounted Display)",No HMD detected.,Aucun HDM détecté.
ERROR_GENERIC_ERRCODE,,Error code:,Code d'erreur :
ERROR_GENERIC_TEXT,,An error has occured.,Une erreur s'est produite.
ERROR_GENERIC_INVALID_NAME,,Invalid name.,Nom incorrect.
ERROR_GENERIC_INVALID_CD_KEY,,Invalid CD Key.,Clé CD incorrecte.
ERROR_GENERIC_CHEATING,,Cheats detected!,Codes triche détectés !
ERROR_NETWORK_CONNECTION_LOST,,Connection lost.,Connexion perdue.
ERROR_NETWORK_DISCONNECTED_YOUR_OPPONENT,,Your opponent has disconnected.,Votre adversaire s'est déconnecté.
ERROR_NETWORK_DISCONNECTED_YOUR_PLAYER,,The other player has disconnected.,L'autre joueur s'est déconnecté.
ERROR_NETWORK_DISCONNECTED_YOUR_TEAMMATE,,Your teammate has disconnected.,Votre coéquipier s'est déconnecté.
ERROR_NETWORK_SERVER,,Cannot connect to server.,Impossible de se connecter au serveur.
ERROR_SAVE_CORRUPTED,,Save file corrupted.,Fichier de sauvegarde corrompu.
ERROR_SAVE_NO_GAMES_FOUND,In previously saved games,No games found.,Aucune sauvegarde trouvée.
ERROR_SAVE_NO_OPEN_GAMES,For empty online game lobby,No open games.,Aucune partie trouvée.
GAME_ACTION_ATTACK,[Infinitive/tutorial verb],Attack,Attaquer
GAME_ACTION_BOOST,[Infinitive/tutorial verb],Boost,Booster
GAME_ACTION_BUILD,[Infinitive/tutorial verb] Build house,Build,Construire
GAME_ACTION_CAST_FISHING,[Infinitive/tutorial verb] Cast fishing lure,Cast,Lancer
GAME_ACTION_CAST_SPELL,[Infinitive/tutorial verb] Cast a spell,Cast,Lancer
GAME_ACTION_CLAIM,[Infinitive/tutorial verb] To take possession of,Claim,Obtenir
GAME_ACTION_CLIMB,[Infinitive/tutorial verb],Climb,Escalader
GAME_ACTION_CLOSE,[Infinitive/tutorial verb],Close,Fermer
GAME_ACTION_COLLECT,[Infinitive/tutorial verb],Collect,Collecter
GAME_ACTION_COOK,[Infinitive/tutorial verb] Cook food,Cook,Cuisiner
GAME_ACTION_CRAFT,[Infinitive/tutorial verb] Create item,Craft,Fabriquer
GAME_ACTION_CROUCH,[Infinitive/tutorial verb],Crouch,S'accroupir
GAME_ACTION_DODGE,[Infinitive/tutorial verb],Dodge,Esquiver
GAME_ACTION_DRIVE,[Infinitive/tutorial verb] Accelerate/Brake,Drive,Conduire
GAME_ACTION_FLY,[Infinitive/tutorial verb],Fly,Voler
GAME_ACTION_FULL_SPEED,,Full Speed,Vitesse Max
GAME_ACTION_GO,[Infinitive/tutorial verb] To go somewhere,Go,Aller
GAME_ACTION_GO_TO_PLACE,[Infinitive/tutorial verb],Go to,Aller à
GAME_ACTION_HALF_SPEED,,Half Speed,Mi-Vitesse
GAME_ACTION_HEAL,[Infinitive/tutorial verb],Heal,Soigner
GAME_ACTION_JUMP,[Infinitive/tutorial verb],Jump,Sauter
GAME_ACTION_LAND,[Infinitive/tutorial verb] Plane stops flying,Landing,Atterrir
GAME_ACTION_LOOK,[Infinitive/tutorial verb],Look,Regarder
GAME_ACTION_MIX,[Infinitive/tutorial verb] Mix potions,Mix,Mélanger
GAME_ACTION_OPEN,[Infinitive/tutorial verb],Open,Ouvrir
GAME_ACTION_PICK_UP,[Infinitive/tutorial verb],Pick up,Prendre
GAME_ACTION_RACE,[Infinitive/tutorial verb],Race,Faire la course
GAME_ACTION_READ,[Infinitive/tutorial verb],Read,Lire
GAME_ACTION_REPLACE,[Infinitive/tutorial verb],Replace,Remplacer
GAME_ACTION_RUN,[Infinitive/tutorial verb],Run,Courir
GAME_ACTION_RUN_AWAY,[Infinitive/tutorial verb] Escape a situation by foot,Run away,S'enfuir
GAME_ACTION_SHOOT,[Infinitive/tutorial verb],Shoot,Tirer
GAME_ACTION_SNEAK,[Infinitive/tutorial verb],Sneak,Se faufiler
GAME_ACTION_SPIN,[Infinitive/tutorial verb] Spin a wheel,Spin,Tourner
GAME_ACTION_SPRINT,[Infinitive/tutorial verb],Sprint,Sprinter
GAME_ACTION_STEER,[Infinitive/tutorial verb] Left/Right,Steer,Tourner
GAME_ACTION_TAKE_OFF,[Infinitive/tutorial verb] Plane starts flying,Takeoff,Décoller
GAME_ACTION_TALK,[Infinitive/tutorial verb],Talk,Parler
GAME_ACTION_THROW,[Infinitive/tutorial verb] Aggressive,Throw,Jeter
GAME_ACTION_WALK,[Infinitive/tutorial verb],Walk,Marcher
GAME_CHARACTER_ENDURANCE,Like 'Stamina',Endurance,Endurance
GAME_CHARACTER_EXP,,Experience points,Points d'expérience
GAME_CHARACTER_FEMALE,[Noun],Female,Féminin
GAME_CHARACTER_HEALTH,,Health,Santé
GAME_CHARACTER_HEART,1 heart,Heart,Coeur
GAME_CHARACTER_HEART_PLURAL,[Plural] 3 hearts,Hearts,Coeurs
GAME_CHARACTER_LEVEL,Character's level,Level,Niveau
GAME_CHARACTER_LEVEL_UP,,Level up!,Niveau suivant !
GAME_CHARACTER_LIVES,,Lives,Vies
GAME_CHARACTER_MALE,[Noun],Male,Masculin
GAME_CHARACTER_MAN,[Noun],Man,Homme
GAME_CHARACTER_MAN_PLURAL,[Noun][Plural],Men,Hommes
GAME_CHARACTER_RESPAWN,,Respawn,Réapparaître
GAME_CHARACTER_RESPAWN_IN,,Respawn in:,Réapparition dans :
GAME_CHARACTER_RESPAWN_QUESTION,,Respawn?,Réapparaître ?
GAME_CHARACTER_RESPAWNING,,Respawning,Réapparition
GAME_CHARACTER_SKILL,,Skill,Compétence
GAME_CHARACTER_SPAWN_POINT,,Spawn Point,Point d'Apparition
GAME_CHARACTER_TRANSGENDER,[Noun],Transgender,Transgenre
GAME_CHARACTER_WOMAN,[Noun],Woman,Femme
GAME_CHARACTER_WOMAN_PLURAL,[Noun][Plural],Women,Femmes
GAME_DAMAGE,generic : damage to vehicle body etc,Damage,Dégâts
GAME_DAMAGE_CRITICAL_HIT,RPG attack,Critical Hit,Coup critique
GAME_DAMAGE_CRITICAL_MISS,RPG attack miss,Critical Miss,Échec critique
GAME_DAMAGE_HIT_NOUN,RPG attack,Hit,Coup
GAME_DAMAGE_HIT_POINTS_PLURAL,Health,Hit points,Points de vie
GAME_DAMAGE_MISS_NOUN,RPG attack miss,Miss,Échec
GAME_DAMAGE_UNIT,1 damage unit,Damage,Dégât
GAME_DAMAGE_UNIT_PLURAL,[Plural] 5 damage units,Damage,Dégâts
GAME_ENEMY,[Noun],Enemy,Ennemi
GAME_ENEMY_FEMALE,[Noun],Enemy,Ennemie
GAME_ENEMY_FEMALE_PLURAL,[Noun],Enemies,Ennemies
GAME_ENEMY_PLURAL,[Noun],Enemies,Ennemis
GAME_INVENTORY,,Inventory,Inventaire
GAME_INVENTORY_AMMO,,Ammo,Munitions
GAME_INVENTORY_AMMUNITION,,Ammunition,Munitions
GAME_INVENTORY_BULLET,,Bullet,Balle
GAME_INVENTORY_BULLET_PLURAL,,Bullets,Balles
GAME_INVENTORY_BUY,,Buy,Acheter
GAME_INVENTORY_CAPACITY,,Inventory Capacity,Capacité de l'inventaire
GAME_INVENTORY_DROP,,Drop,Jeter
GAME_INVENTORY_ENCUMBRANCE,How much is being carried,Encumbrance,Encombrement
GAME_INVENTORY_FULL,,Inventory Full,Inventaire plein
GAME_INVENTORY_ITEM,,Item,Objet
GAME_INVENTORY_KEY,,Key,Clé
GAME_INVENTORY_POWERUP,,Power-up,Amélioration
GAME_INVENTORY_SELL,,Sell,Vendre
GAME_INVENTORY_USE,[Infinitive/tutorial verb],Use,Utiliser
GAME_INVENTORY_WEAPON,,Weapon,Arme
GAME_INVENTORY_WEAPONS,,Weapons,Armes
GAME_INVENTORY_YOU_CANNOT_CARRY,,You cannot carry any more.,Vous ne pouvez pas transporter plus
GAME_LABEL_BE_CAREFUL,[Imperative verb],Be careful!,Faites attention !
GAME_LABEL_PLEASE_BE_CAREFUL,[Imperative verb],Please be careful.,S'il vous plaît soyez prudent.
GAME_LABEL_TACTICS,,Tactics,Tactique
GAME_OBJECTIVE,,Objective,Objectif
GAME_OBJECTIVE_ASSIST,[Noun],Assist,Aide
GAME_OBJECTIVE_ASSIST_PLURAL,,Assists,Aides
GAME_OBJECTIVE_ATTACK,[Infinitive/tutorial verb],Attack,Attaquer
GAME_OBJECTIVE_BONUS,,Bonus,Bonus
GAME_OBJECTIVE_CAPTURE,[Infinitive/tutorial verb],Capture,Capturer
GAME_OBJECTIVE_COMPLETE,Has been completed,Complete,Complet
GAME_OBJECTIVE_DEATH,,Death,Mort
GAME_OBJECTIVE_DEATH_PLURAL,,Deaths,Morts
GAME_OBJECTIVE_DEFEND,[Infinitive/tutorial verb],Defend,Défendre
GAME_OBJECTIVE_DESTROY,[Infinitive/tutorial verb],Destroy,Détruire
GAME_OBJECTIVE_ESCAPE,[Infinitive/tutorial verb] Escape a situation,Escape,S'échapper
GAME_OBJECTIVE_GAME_FINISHED,Completed the game : end of story,The End,Fin
GAME_OBJECTIVE_GAMEOVER,Died lost destroyed etc,Game over!,Game over !
GAME_OBJECTIVE_GAMEOVER_CAPS,,GAME OVER!,GAME OVER !
GAME_OBJECTIVE_HIGH_SCORE,The highest score,High score,Meilleur score
GAME_OBJECTIVE_INCOMPLETE,,Incomplete,Incomplet
GAME_OBJECTIVE_KILL,"[Infinitive/tutorial verb] ""to kill the bird""",Kill,Tuer
GAME_OBJECTIVE_KILL_ASSIST,[Noun],Kill Assist,Assistance
GAME_OBJECTIVE_KILL_NOUN,"[Noun] As in ""One kill""",Kill,Meurtre
GAME_OBJECTIVE_KILL_PLURAL,"As in ""Two kills""",Kills,Meurtres
GAME_OBJECTIVE_LOCKED,,Locked,Bloqué
GAME_OBJECTIVE_LOSSES,,Losses,Défaites
GAME_OBJECTIVE_MATCH,,Match,Match
GAME_OBJECTIVE_MISSION,,Mission,Mission
GAME_OBJECTIVE_MISSION_OBJECTIVE_PLURAL,,Mission Objectives,Objectifs de la mission
GAME_OBJECTIVE_MISSION_OBJECTIVE,,Mission Objective,Objectif de la mission
GAME_OBJECTIVE_MULTIPLIER,,Multiplier,Multiplicateur
GAME_OBJECTIVE_PLURAL,,Objectives,Objectifs
GAME_OBJECTIVE_POSITION,Position in order from winner to loser,Position,Position
GAME_OBJECTIVE_RACE_LAP,Racing lap,Lap,Tour
GAME_OBJECTIVE_RACE_LAP_PLURAL,Racing laps,Laps,Tours
GAME_OBJECTIVE_ROUND,[Noun] As in part of match,Round,Tour
GAME_OBJECTIVE_SCORE,,Score,Score
GAME_OBJECTIVE_TIME,For countdown timers or elapsed time,Time,Temps
GAME_OBJECTIVE_TIME_LEFT,,Time left,Temps restant
GAME_OBJECTIVE_TOURNAMENT,,Tournament,Tournoi
GAME_OBJECTIVE_TOURNAMENT_PLURAL,,Tournaments,Tournois
GAME_OBJECTIVE_WINS,,Wins,Victoires
GAME_STATUS_DEFEAT,[Noun],Defeat,Défaite
GAME_STATUS_DEFEATED,,You have been defeated.,Vous avez été vaincu.
GAME_STATUS_LOSER,,Loser,Perdant
GAME_STATUS_TEAM_LOST,,Your team lost!,Votre équipe a perdu !
GAME_STATUS_TEAM_WON,,Your team won!,Votre équipe a gagné !
GAME_STATUS_VICTORY,[Noun] ,Victory,Victoire
GAME_STATUS_WINNER,,Winner,Gagnant
GAME_STATUS_YOU_ARE_DEAD,[Default male],You are dead.,Vous êtes mort.
GAME_STATUS_YOU_DIED,,You died.,Vous êtes mort.
GAME_STATUS_YOU_LOSE,,You lose!,Perdu !
GAME_STATUS_YOU_LOST,,You lost!,Tu as perdu !
GAME_STATUS_YOU_WIN,,You win!,Gagné !
GAME_STATUS_YOU_WON,,You won!,Tu as gagné !
MENU_CAMERA,,Camera,Caméra
MENU_CAMERA_INVERTED,,Inverted,Inversé
MENU_CAMERA_NORMAL,,Normal,Normal
MENU_CAMERA_XAXIS,Camera X Axis setting,Camera X-Axis,Axe de Caméra X
MENU_CAMERA_YAXIS,,Camera Y-Axis,Axe de Caméra Y
MENU_CONTROLS_BUTTON,,Button,Bouton
MENU_CONTROLS_CLICK,[Infinitive/tutorial verb],Click,Cliquer
MENU_CONTROLS_DEADZONE,,Dead zone,Zone morte
MENU_CONTROLS_DOUBLE_CLICK,[Infinitive/tutorial verb],Double-click,Double cliquer
MENU_CONTROLS_DRAG,[Infinitive/tutorial verb],Drag,Faire glisser
MENU_CONTROLS_DRAG_DROP,[Infinitive/tutorial verb],Drag and drop,Glisser-déposer
MENU_CONTROLS_FINGER,[Noun] Touch control,Finger,Doigt
MENU_CONTROLS_GAMEPAD,,Gamepad,Manette
MENU_CONTROLS_GYROSCOPE,,Gyroscope,Gyroscope
MENU_CONTROLS_KEY,Keyboard key,Key,Touche
MENU_CONTROLS_KEYBOARD,,Keyboard,Clavier
MENU_CONTROLS_MOUSE,,Mouse,Souris
MENU_CONTROLS_MOUSE_SENSITIVITY,,Mouse sensitivity,Sensibilité de la souris
MENU_CONTROLS_PINCH,[Infinitive/tutorial verb] Touch control Commonly used in maps,Pinch,Pincer
MENU_CONTROLS_ROTATE,[Infinitive/tutorial verb],Rotate,Pivoter
MENU_CONTROLS_SCROLL,[Infinitive/tutorial verb],Scroll,Faire défiler
MENU_CONTROLS_SHAKE,[Infinitive/tutorial verb],Shake,Secouer
MENU_CONTROLS_SPREAD,[Infinitive/tutorial verb] Touch control Commonly used in maps,Spread,Écarter
MENU_CONTROLS_SWIPE,[Infinitive/tutorial verb] Touch control,Swipe,Faire glisser
MENU_CONTROLS_TAP,[Infinitive/tutorial verb] Touch control,Tap,Tapoter
MENU_CONTROLS_THE_BUTTON,,The button,Le bouton
MENU_CONTROLS_THE_KEY,The keyboard key,The key,La touche
MENU_CONTROLS_TILT,[Infinitive/tutorial verb],Tilt,Pencher
MENU_CUSTOMIZE_ARM,,Arm,Bras
MENU_CUSTOMIZE_ARM_PLURAL,,Arms,Bras
MENU_CUSTOMIZE_CHEST,Body part not treasure,Chest,Torse
MENU_CUSTOMIZE_CHIN,,Chin,Menton
MENU_CUSTOMIZE_COLOR,,Color,Couleur
MENU_CUSTOMIZE_EAR,,Ear,Oreille
MENU_CUSTOMIZE_EAR_PLURAL,,Ears,Oreilles
MENU_CUSTOMIZE_EYE,,Eye,Oeil
MENU_CUSTOMIZE_EYE_PLURAL,,Eyes,Yeux
MENU_CUSTOMIZE_FEET,,Feet,Pieds
MENU_CUSTOMIZE_FOOT,,Foot,Pied
MENU_CUSTOMIZE_HAIR,All-purpose term,Hair,Poils
MENU_CUSTOMIZE_HAIR_BEARD,Facial hair,Beard,Barbe
MENU_CUSTOMIZE_HAIR_FUR,Animal fur,Fur,Pelage
MENU_CUSTOMIZE_HAIR_HEAD,,Hair,Cheveux
MENU_CUSTOMIZE_HAND,,Hand,Main
MENU_CUSTOMIZE_HAND_PLURAL,,Hands,Mains
MENU_CUSTOMIZE_HEAD,,Head,Tête
MENU_CUSTOMIZE_HIPS,,Hips,Hanches
MENU_CUSTOMIZE_LEG,,Leg,Jambe
MENU_CUSTOMIZE_LEG_PLURAL,,Legs,Jambes
MENU_CUSTOMIZE_MOUTH,,Mouth,Bouche
MENU_CUSTOMIZE_NECK,,Neck,Cou
MENU_CUSTOMIZE_NOSE,,Nose,Nez
MENU_CUSTOMIZE_SKIN,,Skin,Peau
MENU_CUSTOMIZE_THORAX,,Thorax,Thorax
MENU_DIFFICULTY,Difficulty,Difficulty,Difficulté
MENU_DIFFICULTY_EASY,Difficulty,Easy,Facile
MENU_DIFFICULTY_HARD,Difficulty,Hard,Difficile
MENU_DIFFICULTY_IMPOSSIBLE,Difficulty,Impossible,Impossible
MENU_DIFFICULTY_INSANE,Difficulty,Insane,Dément
MENU_DIFFICULTY_MEDIUM,Difficulty,Medium,Moyen
MENU_DIFFICULTY_VERY_EASY,Difficulty,Very Easy,Très facile
MENU_DIFFICULTY_VERY_HARD,Difficulty,Very Hard,Très difficile
MENU_DIR_DOWN,,Down,Bas
MENU_DIR_LEFT,,Left,Gauche
MENU_DIR_RIGHT,,Right,Droite
MENU_DIR_UP,,Up,Haut
MENU_IO_LOAD,,Load,Charger
MENU_IO_LOAD_GAME,,Load Game,Charger partie
MENU_IO_LOADING,,Loading...,Chargement...
MENU_IO_PLEASE_WAIT,,Please wait...,Veuillez patienter...
MENU_IO_RESET_SAVE_DATA,Reset whatever save data is in focus,Reset save data?,Réinitialiser les données ?
MENU_IO_SAVE,[Verb],Save,Sauvegarder
MENU_IO_SAVE_DATA,[Verb],Save data,Sauvegarder les données
MENU_IO_SAVE_GAME,[Verb],Save Game,Sauvegarder partie
MENU_IO_SAVING,,Saving...,Sauvegarde en cours...
MENU_LABEL_ALL,,All,Tous
MENU_LABEL_AGE,,Age,Âge
MENU_LABEL_ARE_YOU_REALLY_SURE,,Are you really sure?,Êtes-vous vraiment sûr ?
MENU_LABEL_ARE_YOU_SURE,A generic confirmation,Are you sure?,Êtes-vous certain ?
MENU_LABEL_BACK,Back one level in selections,Back,Retour
MENU_LABEL_BACKGROUND_MUSIC,,Background music,Volume du fond sonore
MENU_LABEL_CANCEL,,Cancel,Annuler
MENU_LABEL_CLOSE,Close window,Close,Fermer
MENU_LABEL_CONFIRM_BUTTON,Choose selected button,Confirm,Confirmer
MENU_LABEL_CONTINUE,,Continue,Continuer
MENU_LABEL_CONTINUE_QUESTION,,Continue?,Continuer ?
MENU_LABEL_CREDITS,Authors list,Credits,Remerciements
MENU_LABEL_DESKTOP,,Exit to Desktop,Retourner sur le bureau
MENU_LABEL_DESKTOP_QUESTION,,Exit to Desktop?,Retourner sur le bureau ?
MENU_LABEL_DLC,Downloadable content (abbreviation/short),DLC,DLC
MENU_LABEL_DOWNLOAD,[Verb] ,Download,Télécharger
MENU_LABEL_DOWNLOADABLE,Downloadable content (long),Downloadable content,Contenu téléchargeable
MENU_LABEL_EXIT,Leave a state or place,Exit,Sortir
MENU_LABEL_EXIT_QUESTION,,Exit?,Sortir ?
MENU_LABEL_EXTRAS,,Extras,Extras
MENU_LABEL_FRAMESPERSEC,Frames Per Second,FPS,IPS
MENU_LABEL_GALLERY,,Art gallery,Galerie d'art
MENU_LABEL_GOODBYE,,Goodbye!,Au revoir !
MENU_LABEL_GRAPHICS,,Graphics,Graphismes
MENU_LABEL_IAP,[Singular],In-app purchase,Achats intégré
MENU_LABEL_LANGUAGE,,LANGUAGE,LANGUE
MENU_LABEL_LEVEL,Game stage (not game world or char level),Level,Niveau
MENU_LABEL_MAIL,In-game mailbox,Mail,Mail
MENU_LABEL_MAINMENU,,Main Menu,Menu principal
MENU_LABEL_MORE,,More,Plus
MENU_LABEL_MUSIC,,MUSIC,MUSIQUE
MENU_LABEL_MUSIC_PLAYER,,Music Player,Lecteur de musique
MENU_LABEL_NEW_GAME,,New Game,Nouvelle partie
MENU_LABEL_NEXT,,Next,Suivant
MENU_LABEL_NEXT_TRACK,Next music track/song,Next track,Piste suivante
MENU_LABEL_NO,,No,Non
MENU_LABEL_NO_CAPS,,NO,NON
MENU_LABEL_NOPE,A more casual 'no',Nope,Nan
MENU_LABEL_OK,As in Windows dialog,OK,OK
MENU_LABEL_PAUSE,[Infinitive/tutorial verb] common term,Pause,Pause
MENU_LABEL_PAUSED,,Paused,En pause
MENU_LABEL_PLAY,,PLAY,JOUER
MENU_LABEL_PLAY_AGAIN,,Play again,Rejouer
MENU_LABEL_PRESS_ANYKEY,,Press any key,Appuyez sur une touche
MENU_LABEL_PRESS_ANYKEY_CONTINUE,,Press any key to continue,Appuyez sur une touche pour continuer
MENU_LABEL_PRESS_START,"""Start"" is a literal button name",Press Start,Appuyez sur Start
MENU_LABEL_PRESS_START_CONTINUE,"""Start"" is a literal button name",Press Start to continue,Appuyez sur Start pour continuer
MENU_LABEL_PREVIOUS,,Previous,Précédent
MENU_LABEL_PREVIOUS_TRACK,Previous music track/song,Previous track,Piste précedente
MENU_LABEL_PRICE,,Price,Prix
MENU_LABEL_PRICE_FREE,,Free,Gratuit
MENU_LABEL_PURCHASE,[Infinitive/tutorial verb],Purchase,Acheter
MENU_LABEL_QUIT,Leave the game (keep short),QUIT,QUITTER
MENU_LABEL_QUIT_CONFIRM,,Are you sure you want to quit?,Êtes-vous certain de vouloir quitter ?
MENU_LABEL_QUIT_QUESTION,,Quit?,Quitter ?
MENU_LABEL_REPLAY,Show the replay of the last game ,Replay,Revoir
MENU_LABEL_RETURN,,Return,Retour
MENU_LABEL_RETURN_MAIN,,Return to Main Menu,Retourner au menu principal
MENU_LABEL_RETURN_MAIN_QUESTION,,Return to Main Menu?,Retourner au menu principal ?
MENU_LABEL_SHARE,Share via social media,Share,Partager
MENU_LABEL_SKIP,Skip cutscene skip replay (Generic),Skip,Passer
MENU_LABEL_SOUND,,Sound,Son
MENU_LABEL_THANK_YOU,,Thank you!,Merci !
MENU_LABEL_UNLOCK,[Infinitive/tutorial verb],Unlock,Déverrouiller
MENU_LABEL_VIDEO,,Video,Vidéo
MENU_LABEL_VOICES,,Voices,Voix
MENU_LABEL_WARNING,,Warning,Avertissement
MENU_LABEL_WELCOME,,Welcome,Bienvenue
MENU_LABEL_WORLD,,World,Monde
MENU_LABEL_YEAH,A more casual 'yes',Yeah,Ouais
MENU_LABEL_YES,,Yes,Oui
MENU_LABEL_YES_CAPS,,YES,OUI
MENU_LANGUAGE_DIRECTION,ltr or rtl (text direction used by game code),ltr,ltr
MENU_LANGUAGE_THIS,"""MyLanguage"" in native text",English,Français
MENU_LANGUAGE_EN,"""MyLanguage"" in english text",English,French
MENU_LOGIN,[Verb],Login,Se connecter
MENU_LOGIN_EMAIL,Email address,E-mail,E-mail
MENU_LOGIN_FORGOT,,Forgot password,Mot de passe oublié
MENU_LOGIN_PASSWORD,,Password,Mot de passe
MENU_LOGIN_REGISTER,[Verb],Register,S'inscrire
MENU_LOGIN_REMEMBER,Remember entered data on this device?,Remember?,Se rappeler de moi ?
MENU_MODE_CHALLENGE,[Noun],Challenge,Défi
MENU_MODE_CHALLENGE_MODE,"For challenges like ""Win in 30 secs""",Challenge mode,Mode défi
MENU_MODE_COOP,,Co-op,Co-op
MENU_MODE_COOPERATIVE,,Cooperative,Coopération
MENU_MODE_DEATHMATCH,,Deathmatch,Match à mort
MENU_MODE_HELP,,Help,Aide
MENU_MODE_INSTRUCTIONS,,Instructions,Instructions
MENU_MODE_MULTIPLAYER,,Multiplayer,Multijoueur
MENU_MODE_MULTIPLAYER_LOCAL,,Local Multiplayer,Multijoueur local
MENU_MODE_MULTIPLAYER_ONLINE,,Online Multiplayer,Multijoueur en ligne
MENU_MODE_PLAY_ONLINE,,Play Online,Jouer en ligne
MENU_MODE_SINGLEPLAYER,,Singleplayer,Solo
MENU_MODE_TRAINING,,Training,Entrainement
MENU_MODE_TUTORIAL,,Tutorial,Didacticiel
MENU_MODE_VERSUS,,Versus,Versus
MENU_NAME,Generic – for: human dog ship item,Name,Nom
MENU_NAME_FIRST,First name,First Name,Prénom
MENU_NAME_LAST,Family name,Last Name,Nom de famille
MENU_NAME_USER,Alias or pseudonym or account name,Username,Nom d'utilisateur
MENU_OPTIONS,,OPTIONS,OPTIONS
MENU_OPTIONS_ADVANCEDGRAPHICS,,Advanced Graphics,Options graphiques avancées
MENU_OPTIONS_ANTIALIASING,,Anti-aliasing,Antialiasing
MENU_OPTIONS_BLOOM,,Bloom,Bloom
MENU_OPTIONS_CONTROLS,,Controls,Contrôles
MENU_OPTIONS_DIFFICULTY,,Difficulty Options,Options de difficulté
MENU_OPTIONS_DISPLAY,,DISPLAY,ÉCRAN
MENU_OPTIONS_FIRST_PERSON_VIEW,,First Person View,Vue à la première personne
MENU_OPTIONS_FOV,Field of View,FOV,Champ de vision
MENU_OPTIONS_FULLSCREEN,,FULLSCREEN,PLEIN ÉCRAN
MENU_OPTIONS_GAMEPLAY,,Gameplay Options,Options de jeu
MENU_OPTIONS_GRAPHICS,,Graphics Options,Options graphiques
MENU_OPTIONS_HUD,Heads Up Display,HUD,HUD
MENU_OPTIONS_MUSIC_VOLUME,,Music volume,Volume de la musique
MENU_OPTIONS_NETWORK,,Network Options,Options de réseau
MENU_OPTIONS_QUALITY,,Quality,Qualité
MENU_OPTIONS_RESOLUTION,,Resolution,Résolution
MENU_OPTIONS_SFX_VOLUME,,Sound effect volume,Volume des effets sonores
MENU_OPTIONS_SHADOW,,Shadow,Ombre
MENU_OPTIONS_SHADOW_PLURAL,,Shadows,Ombres
MENU_OPTIONS_SIZE,,Size,Taille
MENU_OPTIONS_SOUND,,Sound Options,Options sonores
MENU_OPTIONS_SOUND_VOLUME,,Volume,Volume
MENU_OPTIONS_SPLITSCREEN,,Splitscreen,Écran partagé
MENU_OPTIONS_THIRD_PERSON_VIEW,,Third Person View,Vue à la troisième personne
MENU_OPTIONS_VIDEO,,Video Options,Options vidéo
MENU_OPTIONS_VIDEO_QUALITY,Movie playback quality,Video Quality,Qualité visuelle
MENU_OPTIONS_VOICE_VOLUME,,Voice volume,Volume des voix
MENU_OPTIONS_VSYNC,,V-sync,VSync
MENU_OPTIONS_WINDOWED,,Windowed,Fenêtré
MENU_OPTIONS_SHADER_DETAIL,,Shader detail,Détail des shaders
MENU_OPTIONS_TEXTURE_DETAIL,,Texture detail,Détail des textures
MENU_OPTIONS_MULTICORE_RENDERING,,Multicore rendering,Rendu multicœur
MENU_OPTIONS_MODEL_DETAIL,,Model detail,Détail du modèle
MENU_OPTIONS_WIDESCREEN,Aspect ratio (16:9 or 16:10),Widescreen,Grand écran
MENU_OPTIONS_EFFECT_DETAIL,,Effect detail,Détail des effets
MENU_OPTIONS_FILTERING_ANISOTROPIC,Filtering mode,Anisotropic,Anisotrope
MENU_OPTIONS_FILTERING_BILINEAR,Filtering mode,Bilinear,Bilinéaire
MENU_OPTIONS_FILTERING_TRILINEAR,Filtering mode,Trilinear,Trilinéaire
MENU_OPTIONS_FILTERING_MODE,,Filtering mode,Mode filtrage
MENU_SETTING_ULTRA,(Generic) Very High (short),Ultra,Très élevé
MENU_SETTING_VERY_HIGH,(Generic),Very High,Très élevé
MENU_SETTING_HIGH,(Generic),High,Haut
MENU_SETTING_MEDIUM,(Generic),Medium,Moyen
MENU_SETTING_LOW,(Generic),Low,Bas
MENU_VERSION,Game's version number,Version,Version
MENU_VERSION_DEMO,Demo version [short]  '0.3.3 Demo',Demo,Démo
MENU_VERSION_FREE,Free version [short],Free,Gratuit
MENU_VERSION_FULL,Full version [short],Full,Complet
MENU_VERSION_LITE,Lite version [short],Lite,Lite
MENU_VERSION_PREMIUM,Premium version [short],Premium,Premium
MENU_VERSION_SHAREWARE,Shareware version [short],Shareware,Shareware
MENU_VERSION_TRIAL,Trial version [short],Trial,Essai
MENU_VR_COMFORT_MODE,For sensitive people in VR,VR comfort mode,Mode de comfort VR
MENU_VR_HMD_ORIENT_RESET,Using abbrev. HMD (Head mounted display),HMD orientation reset,Restaurer l'orientation du HDM
MENU_VR_VIRTUAL_REALITY,,Virtual Reality,Réalité virtuelle
SAVE_SETTING,,SAVE SETTING,ENGREGISTRER PARAMETRE
LANGUAGE_LABEL,,LANGUAGE,LANGUE
MENU_AUDIO_MASTER,,MASTER,PRINCIPAL
LANGUAGE_FR ,,FRENCH,FRANCAIS
LANGUAGE_ES,,SPANISH,ESPAGNOLE
CURRENT_LANGUAGE,,CURRENT  LANGUAGE,LANGUE  ACTUELLE
LANGUAGE_EN,,ENGLISH,ANGLAIS
START_GAME,,START GAME,COMMENCER LE JOUE
EXIT_GAME,,EXIT GAME,QUITTER LE JOUE
GAME_RESTART,,RESTART,RECOMMENCER
MAIN_MENU,,MAIN MENU,MENUE PRINCIPAL
TRIOLOGY_LABEL,,TRILOGY,TRILOGIE
TITLE_LABEL,,"ADVENTURE
       TIME","       HEURE
 D'AVENTURE"
LEVELS_LABEL,,WORLDS,MONDES
LEVEL_1,,WORLD 1,MONDE 1
LEVEL_2,,WORLD 2,MONDE 2
LEVEL_3,,WORLD 3,MONDE 3
LEVEL_4,,WORLD 4,MONDE 4
